review_id	type	label	matched_label	score	text	variant	domain	subdomain	audio_link	source_audio	decision	note
001_false_accept_weather.wav	false_accept	__negative__	weather	0.830888	내일 날씨를 확인합니다.	S	정보	정보-날씨	docs/audio_review_aihub_augmented_target_keyword_far1/audio/001_false_accept_weather.wav	/data/datasets/voice/aihub_71405/validation_seed_extracted/source/VS_01.다화자_소음_환경_003.가정환경_02.근거리/B-M1528F-M-t03dC-NUNU-M821120-S.wav	keep_negative	
002_false_accept_music_stop.wav	false_accept	__negative__	music_stop	0.702116	다음 달 수업에 뭐 챙겨가야해?	S	교육	교육-준비물	docs/audio_review_aihub_augmented_target_keyword_far1/audio/002_false_accept_music_stop.wav	/data/datasets/voice/aihub_71405/validation_seed_extracted/source/VS_01.다화자_소음_환경_010.병원_02.근거리/C-M0226F-M-t10dC-NUNU-M420312-S.wav	keep_negative	
003_false_accept_weather.wav	false_accept	__negative__	weather	0.657323	날씨는 괜찮아?	S	정보	정보-날씨	docs/audio_review_aihub_augmented_target_keyword_far1/audio/003_false_accept_weather.wav	/data/datasets/voice/aihub_71405/validation_seed_extracted/source/VS_01.다화자_소음_환경_002.카페_02.근거리/B-M8029F-M-t02dC-NUNU-M230702-S.wav	keep_negative	
004_false_accept_volume_down.wav	false_accept	__negative__	volume_down	0.656880	다음에 배울 거 알려 주세요.	S	교육	교육-시간표	docs/audio_review_aihub_augmented_target_keyword_far1/audio/004_false_accept_volume_down.wav	/data/datasets/voice/aihub_71405/validation_seed_extracted/source/VS_01.다화자_소음_환경_010.병원_02.근거리/C-M0226F-M-t10dC-NUNU-M420687-S.wav	keep_negative	
005_false_accept_volume_down.wav	false_accept	__negative__	volume_down	0.635616	이제 어린이집 알림이 뭐야?	N	어린이집	어린이집-알림	docs/audio_review_aihub_augmented_target_keyword_far1/audio/005_false_accept_volume_down.wav	/data/datasets/voice/aihub_71405/validation_seed_extracted/source/VS_01.다화자_소음_환경_001.식당_01.원거리/B-M0815F-M-t01dF-NUNU-M010880-N.wav	keep_negative	
006_false_accept_weather.wav	false_accept	__negative__	weather	0.611302	날씨는 괜찮아?	N	정보	정보-날씨	docs/audio_review_aihub_augmented_target_keyword_far1/audio/006_false_accept_weather.wav	/data/datasets/voice/aihub_71405/validation_seed_extracted/source/VS_01.다화자_소음_환경_002.카페_02.근거리/B-M8029F-M-t02dC-NUNU-M230702-N.wav	map_positive	
007_false_accept_volume_down.wav	false_accept	__negative__	volume_down	0.606059	월요일 알림에 알았다고 보내 줄래?	S	알림	알림-메시지	docs/audio_review_aihub_augmented_target_keyword_far1/audio/007_false_accept_volume_down.wav	/data/datasets/voice/aihub_71405/validation_seed_extracted/source/VS_01.다화자_소음_환경_003.가정환경_02.근거리/B-M2637M-M-t03dC-NUNU-M030944-S.wav	keep_negative	
008_false_reject_music_stop.wav	false_reject	music_play	music_stop	0.266857	유튜브 뿡뿡이 노래 시작해.	N	엔터테인먼트	엔터테인먼트-스트리밍	docs/audio_review_aihub_augmented_target_keyword_far1/audio/008_false_reject_music_stop.wav	/data/datasets/voice/aihub_71405/validation_seed_extracted/source/VS_01.다화자_소음_환경_010.병원_02.근거리/C-M0226F-M-t10dC-NUNU-M420688-N.wav	keep_negative	
009_false_reject_music_stop.wav	false_reject	music_play	music_stop	0.283234	홍길동이 부른 노래 시작해.	N	미디어	미디어-음악	docs/audio_review_aihub_augmented_target_keyword_far1/audio/009_false_reject_music_stop.wav	/data/datasets/voice/aihub_71405/validation_seed_extracted/source/VS_01.다화자_소음_환경_002.카페_02.근거리/B-M0983F-M-t02dC-NUNU-M440174-N.wav	keep_negative	
010_false_reject_music_stop.wav	false_reject	weather	music_stop	0.285726	오늘 날씨 어때?	N	정보	정보-날씨	docs/audio_review_aihub_augmented_target_keyword_far1/audio/010_false_reject_music_stop.wav	/data/datasets/voice/aihub_71405/validation_seed_extracted/source/VS_01.다화자_소음_환경_002.카페_02.근거리/B-M1149F-M-t02dC-NUNU-M810343-N.wav	keep_negative	
011_false_reject_music_stop.wav	false_reject	weather	music_stop	0.313485	내일 용당동 날씨 어때?	N	정보	정보-날씨	docs/audio_review_aihub_augmented_target_keyword_far1/audio/011_false_reject_music_stop.wav	/data/datasets/voice/aihub_71405/validation_seed_extracted/source/VS_01.다화자_소음_환경_002.카페_02.근거리/B-M6053M-M-t02dC-NUNU-M810039-N.wav	bad_audio	
012_false_reject_music_stop.wav	false_reject	weather	music_stop	0.318657	요번 주 날씨 예보 좀 알려줘 봐.	N	정보	정보-날씨	docs/audio_review_aihub_augmented_target_keyword_far1/audio/012_false_reject_music_stop.wav	/data/datasets/voice/aihub_71405/validation_seed_extracted/source/VS_01.다화자_소음_환경_002.카페_02.근거리/B-M0983F-M-t02dC-NUNU-M440937-N.wav	keep_negative	
013_false_reject_music_stop.wav	false_reject	lights_off	music_stop	0.319638	현관 불 다 꺼줘.	N	조명	조명-스마트홈	docs/audio_review_aihub_augmented_target_keyword_far1/audio/013_false_reject_music_stop.wav	/data/datasets/voice/aihub_71405/validation_seed_extracted/source/VS_01.다화자_소음_환경_002.카페_02.근거리/B-M0983F-M-t02dC-NUNU-M440459-N.wav	keep_negative	
014_false_reject_music_stop.wav	false_reject	weather	music_stop	0.334900	오늘 날씨 어때?	N	정보	정보-날씨	docs/audio_review_aihub_augmented_target_keyword_far1/audio/014_false_reject_music_stop.wav	/data/datasets/voice/aihub_71405/validation_seed_extracted/source/VS_02.차량_소음_환경_005.창문-열림_01.저속/C-C0039F-C-NULNU-s0wO-C020035-N.wav	keep_negative	
015_false_reject_music_stop.wav	false_reject	lights_on	music_stop	0.335776	안방 조명 켜줘.	N	조명	조명-스마트홈	docs/audio_review_aihub_augmented_target_keyword_far1/audio/015_false_reject_music_stop.wav	/data/datasets/voice/aihub_71405/validation_seed_extracted/source/VS_01.다화자_소음_환경_002.카페_02.근거리/B-M6053M-M-t02dC-NUNU-M810127-N.wav	keep_negative	
016_false_reject_music_stop.wav	false_reject	weather	music_stop	0.339481	이번 주 날씨 어떤지 알려줘.	N	정보	정보-날씨	docs/audio_review_aihub_augmented_target_keyword_far1/audio/016_false_reject_music_stop.wav	/data/datasets/voice/aihub_71405/validation_seed_extracted/source/VS_01.다화자_소음_환경_002.카페_02.근거리/B-M6053M-M-t02dC-NUNU-M810666-N.wav	keep_negative	
017_false_reject_music_stop.wav	false_reject	music_play	music_stop	0.341257	홍길동 노래 재생해 줄래?	N	엔터테인먼트	엔터테인먼트-음악	docs/audio_review_aihub_augmented_target_keyword_far1/audio/017_false_reject_music_stop.wav	/data/datasets/voice/aihub_71405/validation_seed_extracted/source/VS_01.다화자_소음_환경_002.카페_02.근거리/B-M6053M-M-t02dC-NUNU-M810008-N.wav	keep_negative	
018_false_reject_music_stop.wav	false_reject	music_play	music_stop	0.341270	나 지금 홍길동 음악이 듣고 싶어.	N	엔터테인먼트	엔터테인먼트-음악	docs/audio_review_aihub_augmented_target_keyword_far1/audio/018_false_reject_music_stop.wav	/data/datasets/voice/aihub_71405/validation_seed_extracted/source/VS_01.다화자_소음_환경_002.카페_02.근거리/B-M6053M-M-t02dC-NUNU-M810339-N.wav	bad_audio	
019_false_reject_music_stop.wav	false_reject	music_play	music_stop	0.345990	발라드 노래 좀 틀어 주겠니?	N	엔터테인먼트	엔터테인먼트-음악	docs/audio_review_aihub_augmented_target_keyword_far1/audio/019_false_reject_music_stop.wav	/data/datasets/voice/aihub_71405/validation_seed_extracted/source/VS_01.다화자_소음_환경_002.카페_02.근거리/B-M6053M-M-t02dC-NUNU-M810118-N.wav	bad_audio	
020_false_reject_music_stop.wav	false_reject	weather	music_stop	0.354860	이번 주 주말 날씨 좀 알아봐.	N	정보	정보-날씨	docs/audio_review_aihub_augmented_target_keyword_far1/audio/020_false_reject_music_stop.wav	/data/datasets/voice/aihub_71405/validation_seed_extracted/source/VS_01.다화자_소음_환경_002.카페_02.근거리/B-M0983F-M-t02dC-NUNU-M440936-N.wav	keep_negative	
021_false_reject_music_stop.wav	false_reject	music_play	music_stop	0.366732	지금 노래 땡벌 노래 틀어 줘.	N	엔터테인먼트	엔터테인먼트-음악	docs/audio_review_aihub_augmented_target_keyword_far1/audio/021_false_reject_music_stop.wav	/data/datasets/voice/aihub_71405/validation_seed_extracted/source/VS_01.다화자_소음_환경_002.카페_02.근거리/C-M0067M-M-t02dC-NUNU-M011194-N.wav	keep_negative	
022_false_reject_music_stop.wav	false_reject	alarm_set	music_stop	0.367501	얼른 알람 맞춰.	N	알림	알림-알람	docs/audio_review_aihub_augmented_target_keyword_far1/audio/022_false_reject_music_stop.wav	/data/datasets/voice/aihub_71405/validation_seed_extracted/source/VS_01.다화자_소음_환경_010.병원_02.근거리/C-M0492F-M-t10dC-NUNU-M420144-N.wav	keep_negative	
023_false_reject_music_stop.wav	false_reject	music_play	music_stop	0.367696	아까 들은 노래 다시 틀어 줘.	N	엔터테인먼트	엔터테인먼트-음악	docs/audio_review_aihub_augmented_target_keyword_far1/audio/023_false_reject_music_stop.wav	/data/datasets/voice/aihub_71405/validation_seed_extracted/source/VS_01.다화자_소음_환경_002.카페_02.근거리/C-M0067M-M-t02dC-NUNU-M010458-N.wav	keep_negative	
024_false_reject_music_stop.wav	false_reject	music_play	music_stop	0.372638	고독한 노래 틀어줘.	N	엔터테인먼트	엔터테인먼트-음악	docs/audio_review_aihub_augmented_target_keyword_far1/audio/024_false_reject_music_stop.wav	/data/datasets/voice/aihub_71405/validation_seed_extracted/source/VS_01.다화자_소음_환경_002.카페_02.근거리/B-M6053M-M-t02dC-NUNU-M810259-N.wav	bad_audio	
025_false_reject_music_stop.wav	false_reject	lights_on	music_stop	0.372825	두 시간 후에 조명 다 켜줘.	N	조명	조명-스마트홈	docs/audio_review_aihub_augmented_target_keyword_far1/audio/025_false_reject_music_stop.wav	/data/datasets/voice/aihub_71405/validation_seed_extracted/source/VS_01.다화자_소음_환경_002.카페_02.근거리/B-M6053M-M-t02dC-NUNU-M810257-N.wav	bad_audio	
026_false_reject_music_stop.wav	false_reject	weather	music_stop	0.376305	주말 날씨 알려 줘.	N	정보	정보-날씨	docs/audio_review_aihub_augmented_target_keyword_far1/audio/026_false_reject_music_stop.wav	/data/datasets/voice/aihub_71405/validation_seed_extracted/source/VS_01.다화자_소음_환경_002.카페_02.근거리/B-M6053M-M-t02dC-NUNU-M810028-N.wav	keep_negative	
027_false_reject_music_stop.wav	false_reject	music_play	music_stop	0.378252	지금 노래 시작해 주라.	N	엔터테인먼트	엔터테인먼트-음악	docs/audio_review_aihub_augmented_target_keyword_far1/audio/027_false_reject_music_stop.wav	/data/datasets/voice/aihub_71405/validation_seed_extracted/source/VS_01.다화자_소음_환경_010.병원_02.근거리/C-M0214F-M-t10dC-NUNU-M420326-N.wav	keep_negative	
028_false_reject_music_stop.wav	false_reject	music_play	music_stop	0.378988	슬픈 발라드 노래 틀어 줘.	N	엔터테인먼트	엔터테인먼트-음악	docs/audio_review_aihub_augmented_target_keyword_far1/audio/028_false_reject_music_stop.wav	/data/datasets/voice/aihub_71405/validation_seed_extracted/source/VS_01.다화자_소음_환경_002.카페_02.근거리/B-M6053M-M-t02dC-NUNU-M810963-N.wav	keep_negative	
029_false_reject_music_stop.wav	false_reject	music_play	music_stop	0.379040	글로벌 노래 들려줘.	N	엔터테인먼트	엔터테인먼트-음악	docs/audio_review_aihub_augmented_target_keyword_far1/audio/029_false_reject_music_stop.wav	/data/datasets/voice/aihub_71405/validation_seed_extracted/source/VS_01.다화자_소음_환경_002.카페_02.근거리/B-M6053M-M-t02dC-NUNU-M810403-N.wav	keep_negative	
030_false_reject_music_stop.wav	false_reject	lights_off	music_stop	0.382749	안방 조명 다 꺼줘.	N	조명	조명-스마트홈	docs/audio_review_aihub_augmented_target_keyword_far1/audio/030_false_reject_music_stop.wav	/data/datasets/voice/aihub_71405/validation_seed_extracted/source/VS_01.다화자_소음_환경_002.카페_02.근거리/B-M6053M-M-t02dC-NUNU-M810238-N.wav	bad_audio	
031_false_reject_music_stop.wav	false_reject	weather	music_stop	0.384728	지역 날씨 알려 줘.	N	정보	정보-날씨	docs/audio_review_aihub_augmented_target_keyword_far1/audio/031_false_reject_music_stop.wav	/data/datasets/voice/aihub_71405/validation_seed_extracted/source/VS_02.차량_소음_환경_005.창문-열림_01.저속/C-C0039F-C-NULNU-s0wO-C020642-N.wav	keep_negative	
032_false_reject_music_stop.wav	false_reject	weather	music_stop	0.388221	강원도 주변 날씨 어때?	N	정보	정보-날씨	docs/audio_review_aihub_augmented_target_keyword_far1/audio/032_false_reject_music_stop.wav	/data/datasets/voice/aihub_71405/validation_seed_extracted/source/VS_01.다화자_소음_환경_002.카페_02.근거리/B-M6053M-M-t02dC-NUNU-M810116-N.wav	bad_audio	
033_false_reject_music_stop.wav	false_reject	music_play	music_stop	0.388480	찬양 노래 틀어 줄래?	N	엔터테인먼트	엔터테인먼트-음악	docs/audio_review_aihub_augmented_target_keyword_far1/audio/033_false_reject_music_stop.wav	/data/datasets/voice/aihub_71405/validation_seed_extracted/source/VS_01.다화자_소음_환경_002.카페_02.근거리/C-M0423F-M-t02dC-NUNU-M020413-N.wav	keep_negative	
034_false_reject_music_stop.wav	false_reject	lights_on	music_stop	0.389632	거실 조명 좀 환하게 켜 줘.	N	조명	조명-조명	docs/audio_review_aihub_augmented_target_keyword_far1/audio/034_false_reject_music_stop.wav	/data/datasets/voice/aihub_71405/validation_seed_extracted/source/VS_01.다화자_소음_환경_002.카페_02.근거리/B-M6053M-M-t02dC-NUNU-M810864-N.wav	bad_audio	
035_false_reject_music_stop.wav	false_reject	lights_on	music_stop	0.394398	거실 조명 밝게 켜 주세요.	N	조명	조명-조명	docs/audio_review_aihub_augmented_target_keyword_far1/audio/035_false_reject_music_stop.wav	/data/datasets/voice/aihub_71405/validation_seed_extracted/source/VS_01.다화자_소음_환경_002.카페_02.근거리/B-M6053M-M-t02dC-NUNU-M810737-N.wav	bad_audio	
036_false_reject_music_stop.wav	false_reject	lights_off	music_stop	0.395403	이젠 그만 불 끄자.	N	일상	일상-취침	docs/audio_review_aihub_augmented_target_keyword_far1/audio/036_false_reject_music_stop.wav	/data/datasets/voice/aihub_71405/validation_seed_extracted/source/VS_01.다화자_소음_환경_010.병원_02.근거리/B-M1565M-M-t10dC-NUNU-M21928-N.wav	keep_negative	
037_false_reject_music_stop.wav	false_reject	music_play	music_stop	0.395677	짱구는 못 말려 노래 틀어.	N	엔터테인먼트	엔터테인먼트-음악	docs/audio_review_aihub_augmented_target_keyword_far1/audio/037_false_reject_music_stop.wav	/data/datasets/voice/aihub_71405/validation_seed_extracted/source/VS_01.다화자_소음_환경_002.카페_02.근거리/C-M0067M-M-t02dC-NUNU-M010040-N.wav	keep_negative	
038_false_reject_music_stop.wav	false_reject	alarm_set	music_stop	0.396272	삼십 분 뒤로 알람 맞춰.	N	알림	알림-알람	docs/audio_review_aihub_augmented_target_keyword_far1/audio/038_false_reject_music_stop.wav	/data/datasets/voice/aihub_71405/validation_seed_extracted/source/VS_01.다화자_소음_환경_010.병원_02.근거리/C-M0226F-M-t10dC-NUNU-M420245-N.wav	keep_negative	
039_false_reject_music_stop.wav	false_reject	weather	music_stop	0.398207	내일 날씨 예보 알 수 있어?	N	정보	정보-날씨	docs/audio_review_aihub_augmented_target_keyword_far1/audio/039_false_reject_music_stop.wav	/data/datasets/voice/aihub_71405/validation_seed_extracted/source/VS_01.다화자_소음_환경_002.카페_02.근거리/B-M6053M-M-t02dC-NUNU-M810903-N.wav	bad_audio	
040_false_reject_music_stop.wav	false_reject	music_play	music_stop	0.403362	지금 외로우니까 즐거운 음악 틀어줘.	N	엔터테인먼트	엔터테인먼트-스트리밍	docs/audio_review_aihub_augmented_target_keyword_far1/audio/040_false_reject_music_stop.wav	/data/datasets/voice/aihub_71405/validation_seed_extracted/source/VS_01.다화자_소음_환경_002.카페_02.근거리/B-M6053M-M-t02dC-NUNU-M810681-N.wav	bad_audio	
041_false_reject_music_stop.wav	false_reject	alarm_set	music_stop	0.407414	십분 간격으로 알람 울려.	N	알림	알림-알람	docs/audio_review_aihub_augmented_target_keyword_far1/audio/041_false_reject_music_stop.wav	/data/datasets/voice/aihub_71405/validation_seed_extracted/source/VS_01.다화자_소음_환경_002.카페_02.근거리/C-M0405F-M-t02dC-NUNU-M010984-N.wav	keep_negative	
042_false_reject_music_stop.wav	false_reject	lights_on	music_stop	0.407884	어두우니까 조명 다 켜자.	N	조명	조명-스마트홈	docs/audio_review_aihub_augmented_target_keyword_far1/audio/042_false_reject_music_stop.wav	/data/datasets/voice/aihub_71405/validation_seed_extracted/source/VS_02.차량_소음_환경_005.창문-열림_01.저속/C-C0039F-C-NULNU-s0wO-C020633-N.wav	keep_negative	
043_false_reject_music_stop.wav	false_reject	music_stop	music_stop	0.407931	음악 그만 꺼 놔.	N	엔터테인먼트	엔터테인먼트-음악	docs/audio_review_aihub_augmented_target_keyword_far1/audio/043_false_reject_music_stop.wav	/data/datasets/voice/aihub_71405/validation_seed_extracted/source/VS_01.다화자_소음_환경_010.병원_02.근거리/C-M0224F-M-t10dC-NUNU-M020505-N.wav	keep_positive	
044_false_reject_volume_down.wav	false_reject	music_play	volume_down	0.408397	버스 타요 노래 시작해 줬으면 좋겠어.	N	엔터테인먼트	엔터테인먼트-음악	docs/audio_review_aihub_augmented_target_keyword_far1/audio/044_false_reject_volume_down.wav	/data/datasets/voice/aihub_71405/validation_seed_extracted/source/VS_01.다화자_소음_환경_010.병원_02.근거리/B-M0792M-M-t10dC-NUNU-M020204-N.wav	bad_audio	
045_false_reject_music_stop.wav	false_reject	lights_on	music_stop	0.408451	밖에 어두우니까 불 다 켜.	N	조명	조명-스마트홈	docs/audio_review_aihub_augmented_target_keyword_far1/audio/045_false_reject_music_stop.wav	/data/datasets/voice/aihub_71405/validation_seed_extracted/source/VS_01.다화자_소음_환경_002.카페_02.근거리/B-M6053M-M-t02dC-NUNU-M810572-N.wav	bad_audio	
046_false_reject_lights_off.wav	false_reject	next_track	lights_off	0.411575	다음 곡 땡벌.	N	엔터테인먼트	엔터테인먼트-노래방	docs/audio_review_aihub_augmented_target_keyword_far1/audio/046_false_reject_lights_off.wav	/data/datasets/voice/aihub_71405/validation_seed_extracted/source/VS_01.다화자_소음_환경_010.병원_02.근거리/B-M1656M-M-t10dC-NUNU-M230422-N.wav	keep_negative	
047_false_reject_volume_down.wav	false_reject	music_play	volume_down	0.418939	지금 노래 땡벌 노래 틀어 줘.	N	엔터테인먼트	엔터테인먼트-음악	docs/audio_review_aihub_augmented_target_keyword_far1/audio/047_false_reject_volume_down.wav	/data/datasets/voice/aihub_71405/validation_seed_extracted/source/VS_01.다화자_소음_환경_001.식당_01.원거리/B-M0745F-M-t01dF-NUNU-M011194-N.wav	keep_negative	
048_false_reject_music_stop.wav	false_reject	weather	music_stop	0.423568	이 지역 날씨 어때?	N	정보	정보-날씨	docs/audio_review_aihub_augmented_target_keyword_far1/audio/048_false_reject_music_stop.wav	/data/datasets/voice/aihub_71405/validation_seed_extracted/source/VS_01.다화자_소음_환경_003.가정환경_02.근거리/B-M6080M-M-t03dC-NUNU-M620797-N.wav	keep_negative	
049_false_reject_music_stop.wav	false_reject	music_play	music_stop	0.425189	영어 노래 다시 들을래요.	N	교육	교육-음악	docs/audio_review_aihub_augmented_target_keyword_far1/audio/049_false_reject_music_stop.wav	/data/datasets/voice/aihub_71405/validation_seed_extracted/source/VS_01.다화자_소음_환경_002.카페_02.근거리/B-M0983F-M-t02dC-NUNU-M440738-N.wav	bad_audio	
050_false_reject_volume_down.wav	false_reject	weather	volume_down	0.428598	목적지 날씨 알려 줘.	N	정보	정보-날씨	docs/audio_review_aihub_augmented_target_keyword_far1/audio/050_false_reject_volume_down.wav	/data/datasets/voice/aihub_71405/validation_seed_extracted/source/VS_01.다화자_소음_환경_002.카페_02.근거리/B-M6053M-M-t02dC-NUNU-M810317-N.wav	bad_audio	
051_false_reject_music_stop.wav	false_reject	music_play	music_stop	0.429123	고독한 노래 틀어줘.	N	엔터테인먼트	엔터테인먼트-음악	docs/audio_review_aihub_augmented_target_keyword_far1/audio/051_false_reject_music_stop.wav	/data/datasets/voice/aihub_71405/validation_seed_extracted/source/VS_01.다화자_소음_환경_002.카페_02.근거리/B-M1149F-M-t02dC-NUNU-M810259-N.wav	keep_negative	
052_false_reject_volume_down.wav	false_reject	next_track	volume_down	0.430105	다음 곡 땡벌.	N	엔터테인먼트	엔터테인먼트-노래방	docs/audio_review_aihub_augmented_target_keyword_far1/audio/052_false_reject_volume_down.wav	/data/datasets/voice/aihub_71405/validation_seed_extracted/source/VS_01.다화자_소음_환경_010.병원_02.근거리/B-M2446M-M-t10dC-NUNU-M230422-N.wav	bad_audio	
053_false_reject_music_stop.wav	false_reject	lights_off	music_stop	0.430559	방 조명 다 꺼 줘.	N	조명	조명-스마트홈	docs/audio_review_aihub_augmented_target_keyword_far1/audio/053_false_reject_music_stop.wav	/data/datasets/voice/aihub_71405/validation_seed_extracted/source/VS_01.다화자_소음_환경_002.카페_02.근거리/B-M6053M-M-t02dC-NUNU-M810487-N.wav	bad_audio	
054_false_reject_volume_down.wav	false_reject	music_play	volume_down	0.431900	이 노래 또 듣고 싶어.	N	엔터테인먼트	엔터테인먼트-스트리밍	docs/audio_review_aihub_augmented_target_keyword_far1/audio/054_false_reject_volume_down.wav	/data/datasets/voice/aihub_71405/validation_seed_extracted/source/VS_01.다화자_소음_환경_003.가정환경_02.근거리/B-M2640M-M-t03dC-NUNU-M220602-N.wav	bad_audio	
055_false_reject_volume_down.wav	false_reject	weather	volume_down	0.432476	날씨 좀 알려 줘.	N	정보	정보-날씨	docs/audio_review_aihub_augmented_target_keyword_far1/audio/055_false_reject_volume_down.wav	/data/datasets/voice/aihub_71405/validation_seed_extracted/source/VS_02.차량_소음_환경_002.차종-소형_01.저속/B-C0149F-C-NULNU-s0cC-C020714-N.wav	keep_negative	
056_false_reject_music_stop.wav	false_reject	lights_on	music_stop	0.433566	부엌 불 가장 밝게 켜 줘.	N	조명	조명-스마트홈	docs/audio_review_aihub_augmented_target_keyword_far1/audio/056_false_reject_music_stop.wav	/data/datasets/voice/aihub_71405/validation_seed_extracted/source/VS_01.다화자_소음_환경_002.카페_02.근거리/B-M6053M-M-t02dC-NUNU-M810249-N.wav	bad_audio	
057_false_reject_music_stop.wav	false_reject	timer_start	music_stop	0.436315	금일 타이머 설정하고 싶어.	N	알림	알림-상태설정	docs/audio_review_aihub_augmented_target_keyword_far1/audio/057_false_reject_music_stop.wav	/data/datasets/voice/aihub_71405/validation_seed_extracted/source/VS_02.차량_소음_환경_005.창문-열림_01.저속/C-C0039F-C-NULNU-s0wO-C020985-N.wav	bad_audio	
058_false_reject_volume_down.wav	false_reject	weather	volume_down	0.438080	다음 주 날씨 어때?	N	정보	정보-날씨	docs/audio_review_aihub_augmented_target_keyword_far1/audio/058_false_reject_volume_down.wav	/data/datasets/voice/aihub_71405/validation_seed_extracted/source/VS_01.다화자_소음_환경_003.가정환경_02.근거리/B-M2640M-M-t03dC-NUNU-M220436-N.wav	keep_negative	
059_false_reject_volume_down.wav	false_reject	music_play	volume_down	0.438799	이제 노래 시작해 주라.	N	엔터테인먼트	엔터테인먼트-음악	docs/audio_review_aihub_augmented_target_keyword_far1/audio/059_false_reject_volume_down.wav	/data/datasets/voice/aihub_71405/validation_seed_extracted/source/VS_01.다화자_소음_환경_003.가정환경_02.근거리/B-M1509M-M-t03dC-NUNU-M620836-N.wav	keep_negative	
060_false_reject_music_stop.wav	false_reject	music_play	music_stop	0.439155	신나는 노래 틀어줘.	N	엔터테인먼트	엔터테인먼트-스트리밍	docs/audio_review_aihub_augmented_target_keyword_far1/audio/060_false_reject_music_stop.wav	/data/datasets/voice/aihub_71405/validation_seed_extracted/source/VS_01.다화자_소음_환경_002.카페_02.근거리/B-M6053M-M-t02dC-NUNU-M810600-N.wav	bad_audio	
061_false_reject_music_stop.wav	false_reject	music_play	music_stop	0.440187	옛날 생각이 나는 노래 재생해 줘.	N	엔터테인먼트	엔터테인먼트-스트리밍	docs/audio_review_aihub_augmented_target_keyword_far1/audio/061_false_reject_music_stop.wav	/data/datasets/voice/aihub_71405/validation_seed_extracted/source/VS_01.다화자_소음_환경_002.카페_02.근거리/B-M6053M-M-t02dC-NUNU-M810887-N.wav	keep_negative	
062_false_reject_music_stop.wav	false_reject	weather	music_stop	0.440693	오늘 날씨 어때?	N	정보	정보-날씨	docs/audio_review_aihub_augmented_target_keyword_far1/audio/062_false_reject_music_stop.wav	/data/datasets/voice/aihub_71405/validation_seed_extracted/source/VS_01.다화자_소음_환경_002.카페_02.근거리/B-M6021M-M-t02dC-NUNU-M810343-N.wav	keep_negative	
063_false_reject_volume_down.wav	false_reject	weather	volume_down	0.442497	주변 날씨 알려 주라.	N	정보	정보-날씨	docs/audio_review_aihub_augmented_target_keyword_far1/audio/063_false_reject_volume_down.wav	/data/datasets/voice/aihub_71405/validation_seed_extracted/source/VS_02.차량_소음_환경_002.차종-소형_01.저속/B-C0149F-C-NULNU-s0cC-C020177-N.wav	keep_negative	
064_false_reject_volume_down.wav	false_reject	music_play	volume_down	0.442584	지금 노래 시작해 주라.	N	엔터테인먼트	엔터테인먼트-음악	docs/audio_review_aihub_augmented_target_keyword_far1/audio/064_false_reject_volume_down.wav	/data/datasets/voice/aihub_71405/validation_seed_extracted/source/VS_01.다화자_소음_환경_001.식당_01.원거리/B-M0807M-M-t01dF-NUNU-M420326-N.wav	keep_negative	
065_false_reject_volume_down.wav	false_reject	music_play	volume_down	0.443285	펭수 노래 시작해 줘.	S	미디어	미디어-음악	docs/audio_review_aihub_augmented_target_keyword_far1/audio/065_false_reject_volume_down.wav	/data/datasets/voice/aihub_71405/validation_seed_extracted/source/VS_01.다화자_소음_환경_001.식당_01.원거리/B-M1085M-M-t01dF-NUNU-M440513-S.wav	bad_audio	
066_false_reject_volume_down.wav	false_reject	weather	volume_down	0.443438	오늘 날씨 좋은지 알려 줘.	N	정보	정보-날씨	docs/audio_review_aihub_augmented_target_keyword_far1/audio/066_false_reject_volume_down.wav	/data/datasets/voice/aihub_71405/validation_seed_extracted/source/VS_02.차량_소음_환경_002.차종-소형_01.저속/B-C0149F-C-NULNU-s0cC-C020313-N.wav	bad_audio	
067_false_reject_music_stop.wav	false_reject	weather	music_stop	0.445298	제주 지역 날씨 알려 줘.	N	정보	정보-날씨	docs/audio_review_aihub_augmented_target_keyword_far1/audio/067_false_reject_music_stop.wav	/data/datasets/voice/aihub_71405/validation_seed_extracted/source/VS_01.다화자_소음_환경_002.카페_02.근거리/B-M6053M-M-t02dC-NUNU-M810945-N.wav	bad_audio	
068_false_reject_music_stop.wav	false_reject	music_play	music_stop	0.447708	마음 듣는 음악 틀어 줘.	N	엔터테인먼트	엔터테인먼트-음악	docs/audio_review_aihub_augmented_target_keyword_far1/audio/068_false_reject_music_stop.wav	/data/datasets/voice/aihub_71405/validation_seed_extracted/source/VS_01.다화자_소음_환경_002.카페_02.근거리/B-M6053M-M-t02dC-NUNU-M810612-N.wav	bad_audio	
069_false_reject_volume_down.wav	false_reject	lights_on	volume_down	0.448986	두 시간 후에 조명 다 켜줘.	S	조명	조명-스마트홈	docs/audio_review_aihub_augmented_target_keyword_far1/audio/069_false_reject_volume_down.wav	/data/datasets/voice/aihub_71405/validation_seed_extracted/source/VS_01.다화자_소음_환경_002.카페_02.근거리/B-M6053M-M-t02dC-NUNU-M810257-S.wav	bad_audio	
070_false_reject_music_stop.wav	false_reject	music_play	music_stop	0.450022	찬불가 듣고 싶어.	N	교육	교육-종교	docs/audio_review_aihub_augmented_target_keyword_far1/audio/070_false_reject_music_stop.wav	/data/datasets/voice/aihub_71405/validation_seed_extracted/source/VS_01.다화자_소음_환경_010.병원_02.근거리/B-M2446M-M-t10dC-NUNU-M230514-N.wav	keep_negative	
071_false_reject_music_stop.wav	false_reject	music_play	music_stop	0.450024	발라드 노래를 재생합니다.	N	엔터테인먼트	엔터테인먼트-음악	docs/audio_review_aihub_augmented_target_keyword_far1/audio/071_false_reject_music_stop.wav	/data/datasets/voice/aihub_71405/validation_seed_extracted/source/VS_01.다화자_소음_환경_002.카페_02.근거리/B-M6053M-M-t02dC-NUNU-M811021-N.wav	bad_audio	
072_false_reject_music_stop.wav	false_reject	music_play	music_stop	0.450078	홍길동 노래 틀어 줘.	N	엔터테인먼트	엔터테인먼트-음악	docs/audio_review_aihub_augmented_target_keyword_far1/audio/072_false_reject_music_stop.wav	/data/datasets/voice/aihub_71405/validation_seed_extracted/source/VS_01.다화자_소음_환경_002.카페_02.근거리/B-M6053M-M-t02dC-NUNU-M810058-N.wav	bad_audio	
073_false_reject_music_stop.wav	false_reject	weather	music_stop	0.450645	오늘 날씨 말 좀 해 봐라.	N	정보	정보-날씨	docs/audio_review_aihub_augmented_target_keyword_far1/audio/073_false_reject_music_stop.wav	/data/datasets/voice/aihub_71405/validation_seed_extracted/source/VS_01.다화자_소음_환경_001.식당_01.원거리/B-M0807M-M-t01dF-NUNU-M420164-N.wav	keep_negative	
074_false_reject_volume_down.wav	false_reject	weather	volume_down	0.450849	오늘 날씨 확인해 주라.	N	정보	정보-날씨	docs/audio_review_aihub_augmented_target_keyword_far1/audio/074_false_reject_volume_down.wav	/data/datasets/voice/aihub_71405/validation_seed_extracted/source/VS_01.다화자_소음_환경_003.가정환경_02.근거리/B-M2649F-M-t03dC-NUNU-M070700-N.wav	keep_negative	
075_false_reject_music_stop.wav	false_reject	lights_off	music_stop	0.451238	이젠 그만 불 끄자.	S	일상	일상-취침	docs/audio_review_aihub_augmented_target_keyword_far1/audio/075_false_reject_music_stop.wav	/data/datasets/voice/aihub_71405/validation_seed_extracted/source/VS_01.다화자_소음_환경_010.병원_02.근거리/B-M1534F-M-t10dC-NUNU-M21928-S.wav	keep_negative	
076_false_reject_music_stop.wav	false_reject	music_play	music_stop	0.452051	재생되고 있는 노래 계속해서 틀어 주세요.	N	엔터테인먼트	엔터테인먼트-음악	docs/audio_review_aihub_augmented_target_keyword_far1/audio/076_false_reject_music_stop.wav	/data/datasets/voice/aihub_71405/validation_seed_extracted/source/VS_01.다화자_소음_환경_002.카페_02.근거리/C-M0067M-M-t02dC-NUNU-M010826-N.wav	keep_negative	
077_false_reject_volume_down.wav	false_reject	music_play	volume_down	0.453064	펭수 노래 시작해 줘.	N	미디어	미디어-음악	docs/audio_review_aihub_augmented_target_keyword_far1/audio/077_false_reject_volume_down.wav	/data/datasets/voice/aihub_71405/validation_seed_extracted/source/VS_01.다화자_소음_환경_001.식당_01.원거리/B-M1085M-M-t01dF-NUNU-M440513-N.wav	keep_negative	
078_false_reject_music_stop.wav	false_reject	lights_off	music_stop	0.453266	거실의 모든 조명 꺼.	N	조명	조명-조명	docs/audio_review_aihub_augmented_target_keyword_far1/audio/078_false_reject_music_stop.wav	/data/datasets/voice/aihub_71405/validation_seed_extracted/source/VS_02.차량_소음_환경_003.차종-중대형_03.고속/B-C5192M-C-NULNU-s2cL-C120094-N.wav	keep_negative	
079_false_reject_lights_off.wav	false_reject	lights_off	lights_off	0.454332	안방 조명 다 꺼줘.	S	조명	조명-스마트홈	docs/audio_review_aihub_augmented_target_keyword_far1/audio/079_false_reject_lights_off.wav	/data/datasets/voice/aihub_71405/validation_seed_extracted/source/VS_01.다화자_소음_환경_002.카페_02.근거리/B-M6053M-M-t02dC-NUNU-M810238-S.wav	bad_audio	
080_false_reject_music_stop.wav	false_reject	music_stop	music_stop	0.454681	음악 그만 꺼 놔.	N	엔터테인먼트	엔터테인먼트-음악	docs/audio_review_aihub_augmented_target_keyword_far1/audio/080_false_reject_music_stop.wav	/data/datasets/voice/aihub_71405/validation_seed_extracted/source/VS_01.다화자_소음_환경_002.카페_02.근거리/C-M0423F-M-t02dC-NUNU-M020505-N.wav	keep_positive	
081_false_reject_music_stop.wav	false_reject	lights_off	music_stop	0.455374	집에 있는 불 다 꺼 줄래?	N	조명	조명-스마트홈	docs/audio_review_aihub_augmented_target_keyword_far1/audio/081_false_reject_music_stop.wav	/data/datasets/voice/aihub_71405/validation_seed_extracted/source/VS_01.다화자_소음_환경_010.병원_02.근거리/B-M1565M-M-t10dC-NUNU-M21450-N.wav	keep_negative	
082_false_reject_volume_down.wav	false_reject	music_play	volume_down	0.458339	신나는 노래 틀어줘.	S	엔터테인먼트	엔터테인먼트-스트리밍	docs/audio_review_aihub_augmented_target_keyword_far1/audio/082_false_reject_volume_down.wav	/data/datasets/voice/aihub_71405/validation_seed_extracted/source/VS_01.다화자_소음_환경_002.카페_02.근거리/B-M6053M-M-t02dC-NUNU-M810600-S.wav	bad_audio	
083_false_reject_music_stop.wav	false_reject	weather	music_stop	0.459633	오늘 날씨 어때?	S	정보	정보-날씨	docs/audio_review_aihub_augmented_target_keyword_far1/audio/083_false_reject_music_stop.wav	/data/datasets/voice/aihub_71405/validation_seed_extracted/source/VS_02.차량_소음_환경_002.차종-소형_01.저속/B-C0149F-C-NULNU-s0cC-C020035-S.wav	keep_negative	
084_false_reject_volume_down.wav	false_reject	weather	volume_down	0.460673	내일 날씨 알려 줘.	N	정보	정보-날씨	docs/audio_review_aihub_augmented_target_keyword_far1/audio/084_false_reject_volume_down.wav	/data/datasets/voice/aihub_71405/validation_seed_extracted/source/VS_01.다화자_소음_환경_003.가정환경_02.근거리/B-M2637M-M-t03dC-NUNU-M030503-N.wav	keep_negative	
085_false_reject_music_stop.wav	false_reject	lights_off	music_stop	0.461747	불 끄는 걸로 맞춰 놔.	N	조명	조명-스마트홈	docs/audio_review_aihub_augmented_target_keyword_far1/audio/085_false_reject_music_stop.wav	/data/datasets/voice/aihub_71405/validation_seed_extracted/source/VS_02.차량_소음_환경_005.창문-열림_01.저속/C-C0039F-C-NULNU-s0wO-C020370-N.wav	keep_negative	
086_false_reject_music_stop.wav	false_reject	music_play	music_stop	0.462599	글로벌 노래 들려줘.	N	엔터테인먼트	엔터테인먼트-음악	docs/audio_review_aihub_augmented_target_keyword_far1/audio/086_false_reject_music_stop.wav	/data/datasets/voice/aihub_71405/validation_seed_extracted/source/VS_01.다화자_소음_환경_002.카페_02.근거리/B-M1149F-M-t02dC-NUNU-M810403-N.wav	keep_negative	
087_false_reject_music_stop.wav	false_reject	music_play	music_stop	0.462626	지금 노래 시작해 주라.	N	엔터테인먼트	엔터테인먼트-음악	docs/audio_review_aihub_augmented_target_keyword_far1/audio/087_false_reject_music_stop.wav	/data/datasets/voice/aihub_71405/validation_seed_extracted/source/VS_01.다화자_소음_환경_003.가정환경_02.근거리/C-M0310F-M-t03dC-NUNU-M420326-N.wav	bad_audio	
